[
    {
        "model": "admin.logentry",
        "pk": 1,
        "fields": {
            "action_time": "2025-11-18T12:53:19.184Z",
            "user": 1,
            "content_type": 10,
            "object_id": "2",
            "object_repr": "Message from admin <shah.abdulwahab@moneychair.org>: Patatas",
            "action_flag": 2,
            "change_message": "[]"
        }
    },
    {
        "model": "admin.logentry",
        "pk": 2,
        "fields": {
            "action_time": "2025-11-18T13:16:33.514Z",
            "user": 1,
            "content_type": 3,
            "object_id": "3",
            "object_repr": "Viewers",
            "action_flag": 3,
            "change_message": ""
        }
    },
    {
        "model": "admin.logentry",
        "pk": 3,
        "fields": {
            "action_time": "2025-11-18T13:16:39.932Z",
            "user": 1,
            "content_type": 3,
            "object_id": "2",
            "object_repr": "Graph Managers",
            "action_flag": 2,
            "change_message": "[]"
        }
    },
    {
        "model": "admin.logentry",
        "pk": 4,
        "fields": {
            "action_time": "2025-11-18T13:17:29.803Z",
            "user": 1,
            "content_type": 4,
            "object_id": "2",
            "object_repr": "potato",
            "action_flag": 1,
            "change_message": "[{\"added\": {}}]"
        }
    },
    {
        "model": "admin.logentry",
        "pk": 5,
        "fields": {
            "action_time": "2025-11-18T13:17:43.245Z",
            "user": 1,
            "content_type": 4,
            "object_id": "2",
            "object_repr": "potato",
            "action_flag": 2,
            "change_message": "[{\"changed\": {\"fields\": [\"Groups\"]}}]"
        }
    },
    {
        "model": "admin.logentry",
        "pk": 6,
        "fields": {
            "action_time": "2025-11-18T13:18:36.016Z",
            "user": 1,
            "content_type": 4,
            "object_id": "2",
            "object_repr": "potato",
            "action_flag": 2,
            "change_message": "[{\"changed\": {\"fields\": [\"password\"]}}]"
        }
    },
    {
        "model": "auth.permission",
        "pk": 1,
        "fields": {
            "name": "Can add log entry",
            "content_type": 1,
            "codename": "add_logentry"
        }
    },
    {
        "model": "auth.permission",
        "pk": 2,
        "fields": {
            "name": "Can change log entry",
            "content_type": 1,
            "codename": "change_logentry"
        }
    },
    {
        "model": "auth.permission",
        "pk": 3,
        "fields": {
            "name": "Can delete log entry",
            "content_type": 1,
            "codename": "delete_logentry"
        }
    },
    {
        "model": "auth.permission",
        "pk": 4,
        "fields": {
            "name": "Can view log entry",
            "content_type": 1,
            "codename": "view_logentry"
        }
    },
    {
        "model": "auth.permission",
        "pk": 5,
        "fields": {
            "name": "Can add permission",
            "content_type": 2,
            "codename": "add_permission"
        }
    },
    {
        "model": "auth.permission",
        "pk": 6,
        "fields": {
            "name": "Can change permission",
            "content_type": 2,
            "codename": "change_permission"
        }
    },
    {
        "model": "auth.permission",
        "pk": 7,
        "fields": {
            "name": "Can delete permission",
            "content_type": 2,
            "codename": "delete_permission"
        }
    },
    {
        "model": "auth.permission",
        "pk": 8,
        "fields": {
            "name": "Can view permission",
            "content_type": 2,
            "codename": "view_permission"
        }
    },
    {
        "model": "auth.permission",
        "pk": 9,
        "fields": {
            "name": "Can add group",
            "content_type": 3,
            "codename": "add_group"
        }
    },
    {
        "model": "auth.permission",
        "pk": 10,
        "fields": {
            "name": "Can change group",
            "content_type": 3,
            "codename": "change_group"
        }
    },
    {
        "model": "auth.permission",
        "pk": 11,
        "fields": {
            "name": "Can delete group",
            "content_type": 3,
            "codename": "delete_group"
        }
    },
    {
        "model": "auth.permission",
        "pk": 12,
        "fields": {
            "name": "Can view group",
            "content_type": 3,
            "codename": "view_group"
        }
    },
    {
        "model": "auth.permission",
        "pk": 13,
        "fields": {
            "name": "Can add user",
            "content_type": 4,
            "codename": "add_user"
        }
    },
    {
        "model": "auth.permission",
        "pk": 14,
        "fields": {
            "name": "Can change user",
            "content_type": 4,
            "codename": "change_user"
        }
    },
    {
        "model": "auth.permission",
        "pk": 15,
        "fields": {
            "name": "Can delete user",
            "content_type": 4,
            "codename": "delete_user"
        }
    },
    {
        "model": "auth.permission",
        "pk": 16,
        "fields": {
            "name": "Can view user",
            "content_type": 4,
            "codename": "view_user"
        }
    },
    {
        "model": "auth.permission",
        "pk": 17,
        "fields": {
            "name": "Can add content type",
            "content_type": 5,
            "codename": "add_contenttype"
        }
    },
    {
        "model": "auth.permission",
        "pk": 18,
        "fields": {
            "name": "Can change content type",
            "content_type": 5,
            "codename": "change_contenttype"
        }
    },
    {
        "model": "auth.permission",
        "pk": 19,
        "fields": {
            "name": "Can delete content type",
            "content_type": 5,
            "codename": "delete_contenttype"
        }
    },
    {
        "model": "auth.permission",
        "pk": 20,
        "fields": {
            "name": "Can view content type",
            "content_type": 5,
            "codename": "view_contenttype"
        }
    },
    {
        "model": "auth.permission",
        "pk": 21,
        "fields": {
            "name": "Can add session",
            "content_type": 6,
            "codename": "add_session"
        }
    },
    {
        "model": "auth.permission",
        "pk": 22,
        "fields": {
            "name": "Can change session",
            "content_type": 6,
            "codename": "change_session"
        }
    },
    {
        "model": "auth.permission",
        "pk": 23,
        "fields": {
            "name": "Can delete session",
            "content_type": 6,
            "codename": "delete_session"
        }
    },
    {
        "model": "auth.permission",
        "pk": 24,
        "fields": {
            "name": "Can view session",
            "content_type": 6,
            "codename": "view_session"
        }
    },
    {
        "model": "auth.permission",
        "pk": 25,
        "fields": {
            "name": "Can add edge",
            "content_type": 7,
            "codename": "add_edge"
        }
    },
    {
        "model": "auth.permission",
        "pk": 26,
        "fields": {
            "name": "Can change edge",
            "content_type": 7,
            "codename": "change_edge"
        }
    },
    {
        "model": "auth.permission",
        "pk": 27,
        "fields": {
            "name": "Can delete edge",
            "content_type": 7,
            "codename": "delete_edge"
        }
    },
    {
        "model": "auth.permission",
        "pk": 28,
        "fields": {
            "name": "Can view edge",
            "content_type": 7,
            "codename": "view_edge"
        }
    },
    {
        "model": "auth.permission",
        "pk": 29,
        "fields": {
            "name": "Can add node",
            "content_type": 8,
            "codename": "add_node"
        }
    },
    {
        "model": "auth.permission",
        "pk": 30,
        "fields": {
            "name": "Can change node",
            "content_type": 8,
            "codename": "change_node"
        }
    },
    {
        "model": "auth.permission",
        "pk": 31,
        "fields": {
            "name": "Can delete node",
            "content_type": 8,
            "codename": "delete_node"
        }
    },
    {
        "model": "auth.permission",
        "pk": 32,
        "fields": {
            "name": "Can view node",
            "content_type": 8,
            "codename": "view_node"
        }
    },
    {
        "model": "auth.permission",
        "pk": 33,
        "fields": {
            "name": "Can add graph",
            "content_type": 9,
            "codename": "add_graph"
        }
    },
    {
        "model": "auth.permission",
        "pk": 34,
        "fields": {
            "name": "Can change graph",
            "content_type": 9,
            "codename": "change_graph"
        }
    },
    {
        "model": "auth.permission",
        "pk": 35,
        "fields": {
            "name": "Can delete graph",
            "content_type": 9,
            "codename": "delete_graph"
        }
    },
    {
        "model": "auth.permission",
        "pk": 36,
        "fields": {
            "name": "Can view graph",
            "content_type": 9,
            "codename": "view_graph"
        }
    },
    {
        "model": "auth.permission",
        "pk": 37,
        "fields": {
            "name": "Can add message",
            "content_type": 10,
            "codename": "add_message"
        }
    },
    {
        "model": "auth.permission",
        "pk": 38,
        "fields": {
            "name": "Can change message",
            "content_type": 10,
            "codename": "change_message"
        }
    },
    {
        "model": "auth.permission",
        "pk": 39,
        "fields": {
            "name": "Can delete message",
            "content_type": 10,
            "codename": "delete_message"
        }
    },
    {
        "model": "auth.permission",
        "pk": 40,
        "fields": {
            "name": "Can view message",
            "content_type": 10,
            "codename": "view_message"
        }
    },
    {
        "model": "auth.group",
        "pk": 1,
        "fields": {
            "name": "Message Managers",
            "permissions": [
                38,
                39,
                40
            ]
        }
    },
    {
        "model": "auth.group",
        "pk": 2,
        "fields": {
            "name": "Graph Managers",
            "permissions": [
                25,
                26,
                27,
                28,
                33,
                34,
                35,
                36,
                29,
                30,
                31,
                32
            ]
        }
    },
    {
        "model": "auth.user",
        "pk": 1,
        "fields": {
            "password": "pbkdf2_sha256$1000000$9LOZjIA4FgZuWYx65Z1qSD$9B8bHfAmDginEFJh/VyJ3RXAalu0YZsR+jXYbxl8AjM=",
            "last_login": "2025-11-18T13:28:51.431Z",
            "is_superuser": true,
            "username": "a",
            "first_name": "",
            "last_name": "",
            "email": "a@a.com",
            "is_staff": true,
            "is_active": true,
            "date_joined": "2025-11-18T12:52:19.019Z",
            "groups": [],
            "user_permissions": []
        }
    },
    {
        "model": "auth.user",
        "pk": 2,
        "fields": {
            "password": "pbkdf2_sha256$1000000$jCbkyLcZHHZzaysIT1tKVm$XugYlpR2nUlaOdtjrNJhuYtLbuwk0eIdBrOOfDnIZ1Y=",
            "last_login": "2025-11-18T13:28:36.130Z",
            "is_superuser": false,
            "username": "potato",
            "first_name": "",
            "last_name": "",
            "email": "",
            "is_staff": true,
            "is_active": true,
            "date_joined": "2025-11-18T13:17:29Z",
            "groups": [
                2
            ],
            "user_permissions": []
        }
    },
    {
        "model": "contenttypes.contenttype",
        "pk": 1,
        "fields": {
            "app_label": "admin",
            "model": "logentry"
        }
    },
    {
        "model": "contenttypes.contenttype",
        "pk": 2,
        "fields": {
            "app_label": "auth",
            "model": "permission"
        }
    },
    {
        "model": "contenttypes.contenttype",
        "pk": 3,
        "fields": {
            "app_label": "auth",
            "model": "group"
        }
    },
    {
        "model": "contenttypes.contenttype",
        "pk": 4,
        "fields": {
            "app_label": "auth",
            "model": "user"
        }
    },
    {
        "model": "contenttypes.contenttype",
        "pk": 5,
        "fields": {
            "app_label": "contenttypes",
            "model": "contenttype"
        }
    },
    {
        "model": "contenttypes.contenttype",
        "pk": 6,
        "fields": {
            "app_label": "sessions",
            "model": "session"
        }
    },
    {
        "model": "contenttypes.contenttype",
        "pk": 7,
        "fields": {
            "app_label": "main",
            "model": "edge"
        }
    },
    {
        "model": "contenttypes.contenttype",
        "pk": 8,
        "fields": {
            "app_label": "main",
            "model": "node"
        }
    },
    {
        "model": "contenttypes.contenttype",
        "pk": 9,
        "fields": {
            "app_label": "main",
            "model": "graph"
        }
    },
    {
        "model": "contenttypes.contenttype",
        "pk": 10,
        "fields": {
            "app_label": "main",
            "model": "message"
        }
    },
    {
        "model": "sessions.session",
        "pk": "rkr5jpjr9lgy10057hjnwipteklyx5uy",
        "fields": {
            "session_data": ".eJxVjMEOwiAQRP-FsyEsSAGP3v0GsiyLVA1NSnsy_rtt0oOeJpn3Zt4i4rrUuHae45jFRYA4_XYJ6cltB_mB7T5Jmtoyj0nuijxol7cp8-t6uH8HFXvd1sSUOZErA6LV6AnJaAMBmKD4kII1uAW4rEwawCmrMhpHZ-9CIU3i8wUXCjiM:1vLLlL:Q2a4I01yt7y9GJeelqfA8GdiMYWa1ICfYqII4Nnpzjg",
            "expire_date": "2025-12-02T13:28:51.511Z"
        }
    },
    {
        "model": "main.node",
        "pk": 1,
        "fields": {
            "type": "sentence",
            "text": ""
        }
    },
    {
        "model": "main.node",
        "pk": 2,
        "fields": {
            "type": "OBJECTIVE",
            "text": "the"
        }
    },
    {
        "model": "main.node",
        "pk": 3,
        "fields": {
            "type": "NEGATIVE EFFECT",
            "text": "Oxford."
        }
    },
    {
        "model": "main.node",
        "pk": 4,
        "fields": {
            "type": "AGENT",
            "text": "Microsoft in"
        }
    },
    {
        "model": "main.node",
        "pk": 5,
        "fields": {
            "type": "NEGATIVE EFFECT",
            "text": "spoke"
        }
    },
    {
        "model": "main.node",
        "pk": 6,
        "fields": {
            "type": "sentence",
            "text": ""
        }
    },
    {
        "model": "main.node",
        "pk": 7,
        "fields": {
            "type": "VICTIM",
            "text": "Spain and Mexico."
        }
    },
    {
        "model": "main.node",
        "pk": 8,
        "fields": {
            "type": "FACILITATOR",
            "text": "The concert"
        }
    },
    {
        "model": "main.node",
        "pk": 9,
        "fields": {
            "type": "AGENT",
            "text": "The concert in"
        }
    },
    {
        "model": "main.node",
        "pk": 10,
        "fields": {
            "type": "sentence",
            "text": ""
        }
    },
    {
        "model": "main.node",
        "pk": 11,
        "fields": {
            "type": "VICTIM",
            "text": "Apple"
        }
    },
    {
        "model": "main.node",
        "pk": 12,
        "fields": {
            "type": "VICTIM",
            "text": "a"
        }
    },
    {
        "model": "main.node",
        "pk": 13,
        "fields": {
            "type": "AGENT",
            "text": "month."
        }
    },
    {
        "model": "main.node",
        "pk": 14,
        "fields": {
            "type": "sentence",
            "text": ""
        }
    },
    {
        "model": "main.node",
        "pk": 15,
        "fields": {
            "type": "NEGATIVE EFFECT",
            "text": "University of"
        }
    },
    {
        "model": "main.node",
        "pk": 16,
        "fields": {
            "type": "AGENT",
            "text": "prize in 1903."
        }
    },
    {
        "model": "main.node",
        "pk": 17,
        "fields": {
            "type": "FACILITATOR",
            "text": "won a prize"
        }
    },
    {
        "model": "main.node",
        "pk": 18,
        "fields": {
            "type": "sentence",
            "text": ""
        }
    },
    {
        "model": "main.node",
        "pk": 19,
        "fields": {
            "type": "OBJECTIVE",
            "text": "2019 to"
        }
    },
    {
        "model": "main.node",
        "pk": 20,
        "fields": {
            "type": "OBJECTIVE",
            "text": "Google opened a new"
        }
    },
    {
        "model": "main.node",
        "pk": 21,
        "fields": {
            "type": "NEGATIVE EFFECT",
            "text": "in 2019"
        }
    },
    {
        "model": "main.node",
        "pk": 22,
        "fields": {
            "type": "OBJECTIVE",
            "text": "research."
        }
    },
    {
        "model": "main.edge",
        "pk": 1,
        "fields": {
            "from_node": 1,
            "to_node": 2,
            "weight": 1.0
        }
    },
    {
        "model": "main.edge",
        "pk": 2,
        "fields": {
            "from_node": 1,
            "to_node": 3,
            "weight": 1.0
        }
    },
    {
        "model": "main.edge",
        "pk": 3,
        "fields": {
            "from_node": 1,
            "to_node": 4,
            "weight": 1.0
        }
    },
    {
        "model": "main.edge",
        "pk": 4,
        "fields": {
            "from_node": 1,
            "to_node": 5,
            "weight": 1.0
        }
    },
    {
        "model": "main.edge",
        "pk": 5,
        "fields": {
            "from_node": 6,
            "to_node": 7,
            "weight": 1.0
        }
    },
    {
        "model": "main.edge",
        "pk": 6,
        "fields": {
            "from_node": 6,
            "to_node": 8,
            "weight": 1.0
        }
    },
    {
        "model": "main.edge",
        "pk": 7,
        "fields": {
            "from_node": 6,
            "to_node": 9,
            "weight": 1.0
        }
    },
    {
        "model": "main.edge",
        "pk": 8,
        "fields": {
            "from_node": 8,
            "to_node": 9,
            "weight": 1.0
        }
    },
    {
        "model": "main.edge",
        "pk": 9,
        "fields": {
            "from_node": 10,
            "to_node": 11,
            "weight": 1.0
        }
    },
    {
        "model": "main.edge",
        "pk": 10,
        "fields": {
            "from_node": 10,
            "to_node": 12,
            "weight": 1.0
        }
    },
    {
        "model": "main.edge",
        "pk": 11,
        "fields": {
            "from_node": 10,
            "to_node": 13,
            "weight": 1.0
        }
    },
    {
        "model": "main.edge",
        "pk": 12,
        "fields": {
            "from_node": 14,
            "to_node": 15,
            "weight": 1.0
        }
    },
    {
        "model": "main.edge",
        "pk": 13,
        "fields": {
            "from_node": 14,
            "to_node": 16,
            "weight": 1.0
        }
    },
    {
        "model": "main.edge",
        "pk": 14,
        "fields": {
            "from_node": 14,
            "to_node": 17,
            "weight": 1.0
        }
    },
    {
        "model": "main.edge",
        "pk": 15,
        "fields": {
            "from_node": 16,
            "to_node": 17,
            "weight": 1.0
        }
    },
    {
        "model": "main.edge",
        "pk": 16,
        "fields": {
            "from_node": 18,
            "to_node": 19,
            "weight": 1.0
        }
    },
    {
        "model": "main.edge",
        "pk": 17,
        "fields": {
            "from_node": 18,
            "to_node": 20,
            "weight": 1.0
        }
    },
    {
        "model": "main.edge",
        "pk": 18,
        "fields": {
            "from_node": 18,
            "to_node": 21,
            "weight": 1.0
        }
    },
    {
        "model": "main.edge",
        "pk": 19,
        "fields": {
            "from_node": 18,
            "to_node": 22,
            "weight": 1.0
        }
    },
    {
        "model": "main.edge",
        "pk": 20,
        "fields": {
            "from_node": 19,
            "to_node": 21,
            "weight": 1.0
        }
    },
    {
        "model": "main.graph",
        "pk": 1,
        "fields": {
            "text": "barack obama visited microsoft in 2014 and later spoke at the university of oxford.",
            "nodes": [
                1,
                2,
                3,
                4,
                5
            ],
            "edges": [
                1,
                2,
                3,
                4
            ]
        }
    },
    {
        "model": "main.graph",
        "pk": 2,
        "fields": {
            "text": "the concert in madrid featured artists from spain and mexico.",
            "nodes": [
                6,
                7,
                8,
                9
            ],
            "edges": [
                5,
                6,
                7,
                8
            ]
        }
    },
    {
        "model": "main.graph",
        "pk": 3,
        "fields": {
            "text": "apple acquired a small startup in berlin last month.",
            "nodes": [
                10,
                11,
                12,
                13
            ],
            "edges": [
                9,
                10,
                11
            ]
        }
    },
    {
        "model": "main.graph",
        "pk": 4,
        "fields": {
            "text": "marie curie studied at the university of paris and won a prize in 1903.",
            "nodes": [
                14,
                15,
                16,
                17
            ],
            "edges": [
                12,
                13,
                14,
                15
            ]
        }
    },
    {
        "model": "main.graph",
        "pk": 5,
        "fields": {
            "text": "google opened a new office in zurich in 2019 to expand research.",
            "nodes": [
                18,
                19,
                20,
                21,
                22
            ],
            "edges": [
                16,
                17,
                18,
                19,
                20
            ]
        }
    },
    {
        "model": "main.message",
        "pk": 1,
        "fields": {
            "name": "admin",
            "email": "martin.f@opendeusto.es",
            "subject": "Patatas",
            "message": "tortilladepatatas",
            "created_at": "2025-11-18T12:51:34.474Z",
            "is_read": false
        }
    },
    {
        "model": "main.message",
        "pk": 2,
        "fields": {
            "name": "admin",
            "email": "shah.abdulwahab@moneychair.org",
            "subject": "Patatas",
            "message": "tortilla de patatas",
            "created_at": "2025-11-18T12:51:49.573Z",
            "is_read": false
        }
    }
]